Birthday,Name,Roll,__v,_id
2001-01-16T00:00:00.000Z,Trung5,3,0,60f69684e0660d0cb02fd377
2001-01-16T00:00:00.000Z,Trung4,3,0,60f7772f0668fc126c9b023e
2001-01-16T00:00:00.000Z,Trung4,3,0,60f78664cb3a6f36743d5794
2001-01-16T00:00:00.000Z,Trung5,3,0,60f78692cb3a6f36743d5797
2001-01-16T00:00:00.000Z,Trung6,3,0,60f81fa98c108012cc1ad6c1
2001-01-16T00:00:00.000Z,Trung7,3,0,60f81fae8c108012cc1ad6c3
2001-01-16T00:00:00.000Z,Trung8,3,0,60f81fb28c108012cc1ad6c5
2001-01-16T00:00:00.000Z,Trung9,3,0,60f81fb68c108012cc1ad6c7
2001-01-16T00:00:00.000Z,Trung10,3,0,60f81fb98c108012cc1ad6c9
2001-01-16T00:00:00.000Z,Trung11,3,0,60f81fbc8c108012cc1ad6cb
2001-01-16T00:00:00.000Z,Trung12,3,0,60f81fbf8c108012cc1ad6cd