_id,Name,Roll,Birthday,__v
60f69684e0660d0cb02fd377,Trung5,3,2001-01-16T00:00:00.000Z,0
60f7772f0668fc126c9b023e,Trung4,3,2001-01-16T00:00:00.000Z,0
60f78664cb3a6f36743d5794,Trung4,3,2001-01-16T00:00:00.000Z,0
60f78692cb3a6f36743d5797,Trung5,3,2001-01-16T00:00:00.000Z,0
60f81fa98c108012cc1ad6c1,Trung6,3,2001-01-16T00:00:00.000Z,0
60f81fae8c108012cc1ad6c3,Trung7,3,2001-01-16T00:00:00.000Z,0
60f81fb28c108012cc1ad6c5,Trung8,3,2001-01-16T00:00:00.000Z,0
60f81fb68c108012cc1ad6c7,Trung9,3,2001-01-16T00:00:00.000Z,0
60f81fb98c108012cc1ad6c9,Trung10,3,2001-01-16T00:00:00.000Z,0
60f81fbc8c108012cc1ad6cb,Trung11,3,2001-01-16T00:00:00.000Z,0
60f81fbf8c108012cc1ad6cd,Trung12,3,2001-01-16T00:00:00.000Z,0